filename,file_size,file_attributes,region_count,region_id,region_shape_attributes,region_attributes
Slika45.jpg,191097,"{""caption"":"""",""public_domain"":""no"",""image_url"":""""}",1,0,"{""name"":""rect"",""x"":136,""y"":173,""width"":366,""height"":366}","{""name"":""not_defined"",""type"":""unknown"",""image_quality"":{""good"":true,""frontal"":true,""good_illumination"":true}}"
Slika46.jpg,144315,"{""caption"":"""",""public_domain"":""no"",""image_url"":""""}",1,0,"{""name"":""rect"",""x"":122,""y"":98,""width"":391,""height"":422}","{""name"":""not_defined"",""type"":""unknown"",""image_quality"":{""good"":true,""frontal"":true,""good_illumination"":true}}"
Slika47.jpg,153973,"{""caption"":"""",""public_domain"":""no"",""image_url"":""""}",1,0,"{""name"":""rect"",""x"":125,""y"":77,""width"":344,""height"":422}","{""name"":""not_defined"",""type"":""unknown"",""image_quality"":{""good"":true,""frontal"":true,""good_illumination"":true}}"
Slika48.jpg,268495,"{""caption"":"""",""public_domain"":""no"",""image_url"":""""}",1,0,"{""name"":""rect"",""x"":119,""y"":67,""width"":342,""height"":446}","{""name"":""not_defined"",""type"":""unknown"",""image_quality"":{""good"":true,""frontal"":true,""good_illumination"":true}}"
Slika49.jpg,147650,"{""caption"":"""",""public_domain"":""no"",""image_url"":""""}",1,0,"{""name"":""rect"",""x"":103,""y"":82,""width"":377,""height"":428}","{""name"":""not_defined"",""type"":""unknown"",""image_quality"":{""good"":true,""frontal"":true,""good_illumination"":true}}"
Slika50.jpg,140208,"{""caption"":"""",""public_domain"":""no"",""image_url"":""""}",1,0,"{""name"":""rect"",""x"":84,""y"":96,""width"":415,""height"":409}","{""name"":""not_defined"",""type"":""unknown"",""image_quality"":{""good"":true,""frontal"":true,""good_illumination"":true}}"
Slika51.jpg,211998,"{""caption"":"""",""public_domain"":""no"",""image_url"":""""}",1,0,"{""name"":""rect"",""x"":127,""y"":73,""width"":371,""height"":441}","{""name"":""not_defined"",""type"":""unknown"",""image_quality"":{""good"":true,""frontal"":true,""good_illumination"":true}}"
Slika52.jpg,149047,"{""caption"":"""",""public_domain"":""no"",""image_url"":""""}",1,0,"{""name"":""rect"",""x"":82,""y"":68,""width"":395,""height"":450}","{""name"":""not_defined"",""type"":""unknown"",""image_quality"":{""good"":true,""frontal"":true,""good_illumination"":true}}"
Slika53.jpg,165669,"{""caption"":"""",""public_domain"":""no"",""image_url"":""""}",1,0,"{""name"":""rect"",""x"":109,""y"":37,""width"":379,""height"":471}","{""name"":""not_defined"",""type"":""unknown"",""image_quality"":{""good"":true,""frontal"":true,""good_illumination"":true}}"
Slika54.jpg,175437,"{""caption"":"""",""public_domain"":""no"",""image_url"":""""}",1,0,"{""name"":""rect"",""x"":81,""y"":58,""width"":405,""height"":448}","{""name"":""not_defined"",""type"":""unknown"",""image_quality"":{""good"":true,""frontal"":true,""good_illumination"":true}}"
Slika55.jpg,146715,"{""caption"":"""",""public_domain"":""no"",""image_url"":""""}",1,0,"{""name"":""rect"",""x"":130,""y"":89,""width"":335,""height"":411}","{""name"":""not_defined"",""type"":""unknown"",""image_quality"":{""good"":true,""frontal"":true,""good_illumination"":true}}"
Slika56.jpg,242552,"{""caption"":"""",""public_domain"":""no"",""image_url"":""""}",1,0,"{""name"":""rect"",""x"":146,""y"":77,""width"":310,""height"":422}","{""name"":""not_defined"",""type"":""unknown"",""image_quality"":{""good"":true,""frontal"":true,""good_illumination"":true}}"
Slika57.jpg,146496,"{""caption"":"""",""public_domain"":""no"",""image_url"":""""}",1,0,"{""name"":""rect"",""x"":145,""y"":136,""width"":317,""height"":365}","{""name"":""not_defined"",""type"":""unknown"",""image_quality"":{""good"":true,""frontal"":true,""good_illumination"":true}}"
Slika58.jpg,138293,"{""caption"":"""",""public_domain"":""no"",""image_url"":""""}",1,0,"{""name"":""rect"",""x"":149,""y"":84,""width"":306,""height"":419}","{""name"":""not_defined"",""type"":""unknown"",""image_quality"":{""good"":true,""frontal"":true,""good_illumination"":true}}"
Slika59.jpg,265786,"{""caption"":"""",""public_domain"":""no"",""image_url"":""""}",1,0,"{""name"":""rect"",""x"":154,""y"":124,""width"":289,""height"":363}","{""name"":""not_defined"",""type"":""unknown"",""image_quality"":{""good"":true,""frontal"":true,""good_illumination"":true}}"
Slika60.jpg,211053,"{""caption"":"""",""public_domain"":""no"",""image_url"":""""}",1,0,"{""name"":""rect"",""x"":161,""y"":88,""width"":283,""height"":415}","{""name"":""not_defined"",""type"":""unknown"",""image_quality"":{""good"":true,""frontal"":true,""good_illumination"":true}}"
Slika61.jpg,181046,"{""caption"":"""",""public_domain"":""no"",""image_url"":""""}",1,0,"{""name"":""rect"",""x"":146,""y"":74,""width"":315,""height"":425}","{""name"":""not_defined"",""type"":""unknown"",""image_quality"":{""good"":true,""frontal"":true,""good_illumination"":true}}"
Slika62.jpg,196778,"{""caption"":"""",""public_domain"":""no"",""image_url"":""""}",1,0,"{""name"":""rect"",""x"":147,""y"":98,""width"":338,""height"":411}","{""name"":""not_defined"",""type"":""unknown"",""image_quality"":{""good"":true,""frontal"":true,""good_illumination"":true}}"
Slika63.jpg,110325,"{""caption"":"""",""public_domain"":""no"",""image_url"":""""}",1,0,"{""name"":""rect"",""x"":132,""y"":65,""width"":313,""height"":430}","{""name"":""not_defined"",""type"":""unknown"",""image_quality"":{""good"":true,""frontal"":true,""good_illumination"":true}}"
Slika64.jpg,318572,"{""caption"":"""",""public_domain"":""no"",""image_url"":""""}",1,0,"{""name"":""rect"",""x"":170,""y"":92,""width"":263,""height"":426}","{""name"":""not_defined"",""type"":""unknown"",""image_quality"":{""good"":true,""frontal"":true,""good_illumination"":true}}"
Slika65.jpg,244898,"{""caption"":"""",""public_domain"":""no"",""image_url"":""""}",1,0,"{""name"":""rect"",""x"":117,""y"":50,""width"":352,""height"":465}","{""name"":""not_defined"",""type"":""unknown"",""image_quality"":{""good"":true,""frontal"":true,""good_illumination"":true}}"
Slika66.jpg,151505,"{""caption"":"""",""public_domain"":""no"",""image_url"":""""}",1,0,"{""name"":""rect"",""x"":126,""y"":76,""width"":346,""height"":416}","{""name"":""not_defined"",""type"":""unknown"",""image_quality"":{""good"":true,""frontal"":true,""good_illumination"":true}}"
Slika67.jpg,151364,"{""caption"":"""",""public_domain"":""no"",""image_url"":""""}",1,0,"{""name"":""rect"",""x"":126,""y"":75,""width"":372,""height"":428}","{""name"":""not_defined"",""type"":""unknown"",""image_quality"":{""good"":true,""frontal"":true,""good_illumination"":true}}"
Slika68.jpg,200290,"{""caption"":"""",""public_domain"":""no"",""image_url"":""""}",1,0,"{""name"":""rect"",""x"":108,""y"":40,""width"":426,""height"":518}","{""name"":""not_defined"",""type"":""unknown"",""image_quality"":{""good"":true,""frontal"":true,""good_illumination"":true}}"
Slika69.jpg,191819,"{""caption"":"""",""public_domain"":""no"",""image_url"":""""}",1,0,"{""name"":""rect"",""x"":135,""y"":50,""width"":340,""height"":411}","{""name"":""not_defined"",""type"":""unknown"",""image_quality"":{""good"":true,""frontal"":true,""good_illumination"":true}}"
Slika70.jpg,176462,"{""caption"":"""",""public_domain"":""no"",""image_url"":""""}",1,0,"{""name"":""rect"",""x"":113,""y"":61,""width"":366,""height"":462}","{""name"":""not_defined"",""type"":""unknown"",""image_quality"":{""good"":true,""frontal"":true,""good_illumination"":true}}"
Slika71.jpg,155772,"{""caption"":"""",""public_domain"":""no"",""image_url"":""""}",1,0,"{""name"":""rect"",""x"":123,""y"":90,""width"":352,""height"":419}","{""name"":""not_defined"",""type"":""unknown"",""image_quality"":{""good"":true,""frontal"":true,""good_illumination"":true}}"
Slika72.jpg,160087,"{""caption"":"""",""public_domain"":""no"",""image_url"":""""}",1,0,"{""name"":""rect"",""x"":98,""y"":58,""width"":380,""height"":447}","{""name"":""not_defined"",""type"":""unknown"",""image_quality"":{""good"":true,""frontal"":true,""good_illumination"":true}}"
Slika73.jpg,200402,"{""caption"":"""",""public_domain"":""no"",""image_url"":""""}",1,0,"{""name"":""rect"",""x"":102,""y"":82,""width"":380,""height"":426}","{""name"":""not_defined"",""type"":""unknown"",""image_quality"":{""good"":true,""frontal"":true,""good_illumination"":true}}"
Slika74.jpg,207404,"{""caption"":"""",""public_domain"":""no"",""image_url"":""""}",1,0,"{""name"":""rect"",""x"":153,""y"":94,""width"":319,""height"":421}","{""name"":""not_defined"",""type"":""unknown"",""image_quality"":{""good"":true,""frontal"":true,""good_illumination"":true}}"
Slika75.jpg,192377,"{""caption"":"""",""public_domain"":""no"",""image_url"":""""}",1,0,"{""name"":""rect"",""x"":149,""y"":75,""width"":299,""height"":428}","{""name"":""not_defined"",""type"":""unknown"",""image_quality"":{""good"":true,""frontal"":true,""good_illumination"":true}}"
Slika76.jpg,272340,"{""caption"":"""",""public_domain"":""no"",""image_url"":""""}",1,0,"{""name"":""rect"",""x"":144,""y"":65,""width"":325,""height"":427}","{""name"":""not_defined"",""type"":""unknown"",""image_quality"":{""good"":true,""frontal"":true,""good_illumination"":true}}"
Slika77.jpg,187754,"{""caption"":"""",""public_domain"":""no"",""image_url"":""""}",1,0,"{""name"":""rect"",""x"":133,""y"":83,""width"":327,""height"":427}","{""name"":""not_defined"",""type"":""unknown"",""image_quality"":{""good"":true,""frontal"":true,""good_illumination"":true}}"
Slika78.jpg,174855,"{""caption"":"""",""public_domain"":""no"",""image_url"":""""}",1,0,"{""name"":""rect"",""x"":147,""y"":67,""width"":308,""height"":435}","{""name"":""not_defined"",""type"":""unknown"",""image_quality"":{""good"":true,""frontal"":true,""good_illumination"":true}}"
Slika79.jpg,82959,"{""caption"":"""",""public_domain"":""no"",""image_url"":""""}",1,0,"{""name"":""rect"",""x"":151,""y"":132,""width"":299,""height"":370}","{""name"":""not_defined"",""type"":""unknown"",""image_quality"":{""good"":true,""frontal"":true,""good_illumination"":true}}"
Slika80.jpg,233326,"{""caption"":"""",""public_domain"":""no"",""image_url"":""""}",1,0,"{""name"":""rect"",""x"":140,""y"":97,""width"":313,""height"":419}","{""name"":""not_defined"",""type"":""unknown"",""image_quality"":{""good"":true,""frontal"":true,""good_illumination"":true}}"
Slika81.jpg,139323,"{""caption"":"""",""public_domain"":""no"",""image_url"":""""}",1,0,"{""name"":""rect"",""x"":135,""y"":12,""width"":364,""height"":491}","{""name"":""not_defined"",""type"":""unknown"",""image_quality"":{""good"":true,""frontal"":true,""good_illumination"":true}}"
Slika82.jpg,160708,"{""caption"":"""",""public_domain"":""no"",""image_url"":""""}",1,0,"{""name"":""rect"",""x"":151,""y"":106,""width"":306,""height"":402}","{""name"":""not_defined"",""type"":""unknown"",""image_quality"":{""good"":true,""frontal"":true,""good_illumination"":true}}"
Slika83.jpg,164378,"{""caption"":"""",""public_domain"":""no"",""image_url"":""""}",1,0,"{""name"":""rect"",""x"":136,""y"":77,""width"":320,""height"":420}","{""name"":""not_defined"",""type"":""unknown"",""image_quality"":{""good"":true,""frontal"":true,""good_illumination"":true}}"
Slika84.jpg,175365,"{""caption"":"""",""public_domain"":""no"",""image_url"":""""}",1,0,"{""name"":""rect"",""x"":140,""y"":50,""width"":324,""height"":450}","{""name"":""not_defined"",""type"":""unknown"",""image_quality"":{""good"":true,""frontal"":true,""good_illumination"":true}}"
Slika85.jpg,272180,"{""caption"":"""",""public_domain"":""no"",""image_url"":""""}",1,0,"{""name"":""rect"",""x"":160,""y"":76,""width"":306,""height"":420}","{""name"":""not_defined"",""type"":""unknown"",""image_quality"":{""good"":true,""frontal"":true,""good_illumination"":true}}"
Slika86.jpg,170182,"{""caption"":"""",""public_domain"":""no"",""image_url"":""""}",1,0,"{""name"":""rect"",""x"":129,""y"":68,""width"":332,""height"":434}","{""name"":""not_defined"",""type"":""unknown"",""image_quality"":{""good"":true,""frontal"":true,""good_illumination"":true}}"
Slika87.jpg,176656,"{""caption"":"""",""public_domain"":""no"",""image_url"":""""}",1,0,"{""name"":""rect"",""x"":159,""y"":88,""width"":290,""height"":419}","{""name"":""not_defined"",""type"":""unknown"",""image_quality"":{""good"":true,""frontal"":true,""good_illumination"":true}}"
Slika88.jpg,209109,"{""caption"":"""",""public_domain"":""no"",""image_url"":""""}",1,0,"{""name"":""rect"",""x"":129,""y"":99,""width"":305,""height"":408}","{""name"":""not_defined"",""type"":""unknown"",""image_quality"":{""good"":true,""frontal"":true,""good_illumination"":true}}"
Slika89.jpg,179455,"{""caption"":"""",""public_domain"":""no"",""image_url"":""""}",1,0,"{""name"":""rect"",""x"":147,""y"":120,""width"":273,""height"":368}","{""name"":""not_defined"",""type"":""unknown"",""image_quality"":{""good"":true,""frontal"":true,""good_illumination"":true}}"
Slika90.jpg,149836,"{""caption"":"""",""public_domain"":""no"",""image_url"":""""}",1,0,"{""name"":""rect"",""x"":140,""y"":92,""width"":310,""height"":405}","{""name"":""not_defined"",""type"":""unknown"",""image_quality"":{""good"":true,""frontal"":true,""good_illumination"":true}}"
Slika91.jpg,144041,"{""caption"":"""",""public_domain"":""no"",""image_url"":""""}",1,0,"{""name"":""rect"",""x"":171,""y"":71,""width"":285,""height"":428}","{""name"":""not_defined"",""type"":""unknown"",""image_quality"":{""good"":true,""frontal"":true,""good_illumination"":true}}"
Slika92.jpg,175506,"{""caption"":"""",""public_domain"":""no"",""image_url"":""""}",1,0,"{""name"":""rect"",""x"":154,""y"":109,""width"":292,""height"":391}","{""name"":""not_defined"",""type"":""unknown"",""image_quality"":{""good"":true,""frontal"":true,""good_illumination"":true}}"
Slika93.jpg,183492,"{""caption"":"""",""public_domain"":""no"",""image_url"":""""}",1,0,"{""name"":""rect"",""x"":145,""y"":81,""width"":311,""height"":422}","{""name"":""not_defined"",""type"":""unknown"",""image_quality"":{""good"":true,""frontal"":true,""good_illumination"":true}}"
Slika94.jpg,141895,"{""caption"":"""",""public_domain"":""no"",""image_url"":""""}",1,0,"{""name"":""rect"",""x"":173,""y"":165,""width"":253,""height"":331}","{""name"":""not_defined"",""type"":""unknown"",""image_quality"":{""good"":true,""frontal"":true,""good_illumination"":true}}"
Slika95.jpg,193418,"{""caption"":"""",""public_domain"":""no"",""image_url"":""""}",1,0,"{""name"":""rect"",""x"":149,""y"":102,""width"":308,""height"":406}","{""name"":""not_defined"",""type"":""unknown"",""image_quality"":{""good"":true,""frontal"":true,""good_illumination"":true}}"
Slika96.jpg,165614,"{""caption"":"""",""public_domain"":""no"",""image_url"":""""}",1,0,"{""name"":""rect"",""x"":116,""y"":111,""width"":366,""height"":405}","{""name"":""not_defined"",""type"":""unknown"",""image_quality"":{""good"":true,""frontal"":true,""good_illumination"":true}}"
Slika97.jpg,228507,"{""caption"":"""",""public_domain"":""no"",""image_url"":""""}",1,0,"{""name"":""rect"",""x"":136,""y"":123,""width"":329,""height"":385}","{""name"":""not_defined"",""type"":""unknown"",""image_quality"":{""good"":true,""frontal"":true,""good_illumination"":true}}"
Slika98.jpg,131604,"{""caption"":"""",""public_domain"":""no"",""image_url"":""""}",1,0,"{""name"":""rect"",""x"":151,""y"":96,""width"":299,""height"":418}","{""name"":""not_defined"",""type"":""unknown"",""image_quality"":{""good"":true,""frontal"":true,""good_illumination"":true}}"
Slika99.jpg,178470,"{""caption"":"""",""public_domain"":""no"",""image_url"":""""}",1,0,"{""name"":""rect"",""x"":146,""y"":90,""width"":320,""height"":416}","{""name"":""not_defined"",""type"":""unknown"",""image_quality"":{""good"":true,""frontal"":true,""good_illumination"":true}}"
Slika100.jpg,170781,"{""caption"":"""",""public_domain"":""no"",""image_url"":""""}",1,0,"{""name"":""rect"",""x"":143,""y"":116,""width"":322,""height"":386}","{""name"":""not_defined"",""type"":""unknown"",""image_quality"":{""good"":true,""frontal"":true,""good_illumination"":true}}"
Slika101.jpg,137411,"{""caption"":"""",""public_domain"":""no"",""image_url"":""""}",1,0,"{""name"":""rect"",""x"":111,""y"":57,""width"":358,""height"":484}","{""name"":""not_defined"",""type"":""unknown"",""image_quality"":{""good"":true,""frontal"":true,""good_illumination"":true}}"
Slika102.jpg,176340,"{""caption"":"""",""public_domain"":""no"",""image_url"":""""}",1,0,"{""name"":""rect"",""x"":120,""y"":70,""width"":359,""height"":453}","{""name"":""not_defined"",""type"":""unknown"",""image_quality"":{""good"":true,""frontal"":true,""good_illumination"":true}}"
Slika103.jpg,160365,"{""caption"":"""",""public_domain"":""no"",""image_url"":""""}",1,0,"{""name"":""rect"",""x"":131,""y"":117,""width"":352,""height"":399}","{""name"":""not_defined"",""type"":""unknown"",""image_quality"":{""good"":true,""frontal"":true,""good_illumination"":true}}"
Slika104.jpg,192682,"{""caption"":"""",""public_domain"":""no"",""image_url"":""""}",1,0,"{""name"":""rect"",""x"":144,""y"":130,""width"":310,""height"":389}","{""name"":""not_defined"",""type"":""unknown"",""image_quality"":{""good"":true,""frontal"":true,""good_illumination"":true}}"
Slika105.jpg,171274,"{""caption"":"""",""public_domain"":""no"",""image_url"":""""}",1,0,"{""name"":""rect"",""x"":132,""y"":83,""width"":331,""height"":429}","{""name"":""not_defined"",""type"":""unknown"",""image_quality"":{""good"":true,""frontal"":true,""good_illumination"":true}}"
Slika106.jpg,196646,"{""caption"":"""",""public_domain"":""no"",""image_url"":""""}",1,0,"{""name"":""rect"",""x"":119,""y"":78,""width"":359,""height"":436}","{""name"":""not_defined"",""type"":""unknown"",""image_quality"":{""good"":true,""frontal"":true,""good_illumination"":true}}"
Slika2.jpg,281362,"{""caption"":"""",""public_domain"":""no"",""image_url"":""""}",1,0,"{""name"":""rect"",""x"":548,""y"":458,""width"":973,""height"":1182}","{""name"":""not_defined"",""type"":""unknown"",""image_quality"":{""good"":true,""frontal"":true,""good_illumination"":true}}"
Slika1.jpg,1455017,"{""caption"":"""",""public_domain"":""no"",""image_url"":""""}",1,0,"{""name"":""rect"",""x"":1526,""y"":1110,""width"":2519,""height"":3192}","{""name"":""not_defined"",""type"":""unknown"",""image_quality"":{""good"":true,""frontal"":true,""good_illumination"":true}}"
Slika3.jpg,377774,"{""caption"":"""",""public_domain"":""no"",""image_url"":""""}",1,0,"{""name"":""rect"",""x"":557,""y"":205,""width"":590,""height"":678}","{""name"":""not_defined"",""type"":""unknown"",""image_quality"":{""good"":true,""frontal"":true,""good_illumination"":true}}"
Slika4.jpg,190890,"{""caption"":"""",""public_domain"":""no"",""image_url"":""""}",1,0,"{""name"":""rect"",""x"":253,""y"":368,""width"":648,""height"":819}","{""name"":""not_defined"",""type"":""unknown"",""image_quality"":{""good"":true,""frontal"":true,""good_illumination"":true}}"
Slika5.jpg,155044,"{""caption"":"""",""public_domain"":""no"",""image_url"":""""}",1,0,"{""name"":""rect"",""x"":340,""y"":230,""width"":248,""height"":360}","{""name"":""not_defined"",""type"":""unknown"",""image_quality"":{""good"":true,""frontal"":true,""good_illumination"":true}}"
Slika6.jpg,2875530,"{""caption"":"""",""public_domain"":""no"",""image_url"":""""}",1,0,"{""name"":""rect"",""x"":458,""y"":566,""width"":1724,""height"":2060}","{""name"":""not_defined"",""type"":""unknown"",""image_quality"":{""good"":true,""frontal"":true,""good_illumination"":true}}"
Slika7.jpg,285027,"{""caption"":"""",""public_domain"":""no"",""image_url"":""""}",1,0,"{""name"":""rect"",""x"":49,""y"":98,""width"":429,""height"":651}","{""name"":""not_defined"",""type"":""unknown"",""image_quality"":{""good"":true,""frontal"":true,""good_illumination"":true}}"
Slika8.jpg,30195,"{""caption"":"""",""public_domain"":""no"",""image_url"":""""}",1,0,"{""name"":""rect"",""x"":201,""y"":107,""width"":267,""height"":279}","{""name"":""not_defined"",""type"":""unknown"",""image_quality"":{""good"":true,""frontal"":true,""good_illumination"":true}}"
Slika9.jpg,127323,"{""caption"":"""",""public_domain"":""no"",""image_url"":""""}",1,0,"{""name"":""rect"",""x"":961,""y"":178,""width"":438,""height"":440}","{""name"":""not_defined"",""type"":""unknown"",""image_quality"":{""good"":true,""frontal"":true,""good_illumination"":true}}"
Slika10.jpg,79023,"{""caption"":"""",""public_domain"":""no"",""image_url"":""""}",4,0,"{""name"":""rect"",""x"":46,""y"":80,""width"":76,""height"":63}","{""name"":""not_defined"",""type"":""unknown"",""image_quality"":{""good"":true,""frontal"":true,""good_illumination"":true}}"
Slika10.jpg,79023,"{""caption"":"""",""public_domain"":""no"",""image_url"":""""}",4,1,"{""name"":""rect"",""x"":184,""y"":198,""width"":72,""height"":81}","{""name"":""not_defined"",""type"":""unknown"",""image_quality"":{""good"":true,""frontal"":true,""good_illumination"":true}}"
Slika10.jpg,79023,"{""caption"":"""",""public_domain"":""no"",""image_url"":""""}",4,2,"{""name"":""rect"",""x"":353,""y"":201,""width"":60,""height"":64}","{""name"":""not_defined"",""type"":""unknown"",""image_quality"":{""good"":true,""frontal"":true,""good_illumination"":true}}"
Slika10.jpg,79023,"{""caption"":"""",""public_domain"":""no"",""image_url"":""""}",4,3,"{""name"":""rect"",""x"":473,""y"":37,""width"":71,""height"":63}","{""name"":""not_defined"",""type"":""unknown"",""image_quality"":{""good"":true,""frontal"":true,""good_illumination"":true}}"
Slika11.jpg,170322,"{""caption"":"""",""public_domain"":""no"",""image_url"":""""}",4,0,"{""name"":""rect"",""x"":205,""y"":10,""width"":209,""height"":271}","{""name"":""not_defined"",""type"":""unknown"",""image_quality"":{""good"":true,""frontal"":true,""good_illumination"":true}}"
Slika11.jpg,170322,"{""caption"":"""",""public_domain"":""no"",""image_url"":""""}",4,1,"{""name"":""rect"",""x"":378,""y"":35,""width"":147,""height"":248}","{""name"":""not_defined"",""type"":""unknown"",""image_quality"":{""good"":true,""frontal"":true,""good_illumination"":true}}"
Slika11.jpg,170322,"{""caption"":"""",""public_domain"":""no"",""image_url"":""""}",4,2,"{""name"":""rect"",""x"":556,""y"":127,""width"":178,""height"":213}","{""name"":""not_defined"",""type"":""unknown"",""image_quality"":{""good"":true,""frontal"":true,""good_illumination"":true}}"
Slika11.jpg,170322,"{""caption"":"""",""public_domain"":""no"",""image_url"":""""}",4,3,"{""name"":""rect"",""x"":867,""y"":195,""width"":141,""height"":193}","{""name"":""not_defined"",""type"":""unknown"",""image_quality"":{""good"":true,""frontal"":true,""good_illumination"":true}}"
Slika12.jpg,86350,"{""caption"":"""",""public_domain"":""no"",""image_url"":""""}",2,0,"{""name"":""rect"",""x"":171,""y"":17,""width"":74,""height"":83}","{""name"":""not_defined"",""type"":""unknown"",""image_quality"":{""good"":true,""frontal"":true,""good_illumination"":true}}"
Slika12.jpg,86350,"{""caption"":"""",""public_domain"":""no"",""image_url"":""""}",2,1,"{""name"":""rect"",""x"":304,""y"":45,""width"":61,""height"":87}","{""name"":""not_defined"",""type"":""unknown"",""image_quality"":{""good"":true,""frontal"":true,""good_illumination"":true}}"
Slika13.jpg,652093,"{""caption"":"""",""public_domain"":""no"",""image_url"":""""}",1,0,"{""name"":""rect"",""x"":461,""y"":32,""width"":618,""height"":612}","{""name"":""not_defined"",""type"":""unknown"",""image_quality"":{""good"":true,""frontal"":true,""good_illumination"":true}}"
Slika14.jpg,50602,"{""caption"":"""",""public_domain"":""no"",""image_url"":""""}",2,0,"{""name"":""rect"",""x"":232,""y"":13,""width"":46,""height"":67}","{""name"":""not_defined"",""type"":""unknown"",""image_quality"":{""good"":true,""frontal"":true,""good_illumination"":true}}"
Slika14.jpg,50602,"{""caption"":"""",""public_domain"":""no"",""image_url"":""""}",2,1,"{""name"":""rect"",""x"":330,""y"":27,""width"":44,""height"":59}","{""name"":""not_defined"",""type"":""unknown"",""image_quality"":{""good"":true,""frontal"":true,""good_illumination"":true}}"
Slika15.jpg,551359,"{""caption"":"""",""public_domain"":""no"",""image_url"":""""}",1,0,"{""name"":""rect"",""x"":811,""y"":218,""width"":1041,""height"":1511}","{""name"":""not_defined"",""type"":""unknown"",""image_quality"":{""good"":true,""frontal"":true,""good_illumination"":true}}"
Slika16.jpg,979423,"{""caption"":"""",""public_domain"":""no"",""image_url"":""""}",1,0,"{""name"":""rect"",""x"":496,""y"":348,""width"":1589,""height"":2014}","{""name"":""not_defined"",""type"":""unknown"",""image_quality"":{""good"":true,""frontal"":true,""good_illumination"":true}}"
Slika17.jpg,64934,"{""caption"":"""",""public_domain"":""no"",""image_url"":""""}",1,0,"{""name"":""rect"",""x"":213,""y"":89,""width"":268,""height"":331}","{""name"":""not_defined"",""type"":""unknown"",""image_quality"":{""good"":true,""frontal"":true,""good_illumination"":true}}"
Slika18.jpg,9394,"{""caption"":"""",""public_domain"":""no"",""image_url"":""""}",1,0,"{""name"":""rect"",""x"":49,""y"":28,""width"":87,""height"":129}","{""name"":""not_defined"",""type"":""unknown"",""image_quality"":{""good"":true,""frontal"":true,""good_illumination"":true}}"
Slika20.jpg,44171,"{""caption"":"""",""public_domain"":""no"",""image_url"":""""}",1,0,"{""name"":""rect"",""x"":63,""y"":6,""width"":352,""height"":411}","{""name"":""not_defined"",""type"":""unknown"",""image_quality"":{""good"":true,""frontal"":true,""good_illumination"":true}}"
Slika21.jpg,103682,"{""caption"":"""",""public_domain"":""no"",""image_url"":""""}",11,0,"{""name"":""rect"",""x"":28,""y"":25,""width"":48,""height"":61}","{""name"":""not_defined"",""type"":""unknown"",""image_quality"":{""good"":true,""frontal"":true,""good_illumination"":true}}"
Slika21.jpg,103682,"{""caption"":"""",""public_domain"":""no"",""image_url"":""""}",11,1,"{""name"":""rect"",""x"":143,""y"":32,""width"":46,""height"":59}","{""name"":""not_defined"",""type"":""unknown"",""image_quality"":{""good"":true,""frontal"":true,""good_illumination"":true}}"
Slika21.jpg,103682,"{""caption"":"""",""public_domain"":""no"",""image_url"":""""}",11,2,"{""name"":""rect"",""x"":248,""y"":39,""width"":48,""height"":59}","{""name"":""not_defined"",""type"":""unknown"",""image_quality"":{""good"":true,""frontal"":true,""good_illumination"":true}}"
Slika21.jpg,103682,"{""caption"":"""",""public_domain"":""no"",""image_url"":""""}",11,3,"{""name"":""rect"",""x"":363,""y"":40,""width"":44,""height"":54}","{""name"":""not_defined"",""type"":""unknown"",""image_quality"":{""good"":true,""frontal"":true,""good_illumination"":true}}"
Slika21.jpg,103682,"{""caption"":"""",""public_domain"":""no"",""image_url"":""""}",11,4,"{""name"":""rect"",""x"":489,""y"":18,""width"":47,""height"":49}","{""name"":""not_defined"",""type"":""unknown"",""image_quality"":{""good"":true,""frontal"":true,""good_illumination"":true}}"
Slika21.jpg,103682,"{""caption"":"""",""public_domain"":""no"",""image_url"":""""}",11,5,"{""name"":""rect"",""x"":632,""y"":13,""width"":43,""height"":53}","{""name"":""not_defined"",""type"":""unknown"",""image_quality"":{""good"":true,""frontal"":true,""good_illumination"":true}}"
Slika21.jpg,103682,"{""caption"":"""",""public_domain"":""no"",""image_url"":""""}",11,6,"{""name"":""rect"",""x"":88,""y"":132,""width"":46,""height"":59}","{""name"":""not_defined"",""type"":""unknown"",""image_quality"":{""good"":true,""frontal"":true,""good_illumination"":true}}"
Slika21.jpg,103682,"{""caption"":"""",""public_domain"":""no"",""image_url"":""""}",11,7,"{""name"":""rect"",""x"":218,""y"":128,""width"":44,""height"":61}","{""name"":""not_defined"",""type"":""unknown"",""image_quality"":{""good"":true,""frontal"":true,""good_illumination"":true}}"
Slika21.jpg,103682,"{""caption"":"""",""public_domain"":""no"",""image_url"":""""}",11,8,"{""name"":""rect"",""x"":355,""y"":128,""width"":51,""height"":68}","{""name"":""not_defined"",""type"":""unknown"",""image_quality"":{""good"":true,""frontal"":true,""good_illumination"":true}}"
Slika21.jpg,103682,"{""caption"":"""",""public_domain"":""no"",""image_url"":""""}",11,9,"{""name"":""rect"",""x"":487,""y"":120,""width"":45,""height"":61}","{""name"":""not_defined"",""type"":""unknown"",""image_quality"":{""good"":true,""frontal"":true,""good_illumination"":true}}"
Slika21.jpg,103682,"{""caption"":"""",""public_domain"":""no"",""image_url"":""""}",11,10,"{""name"":""rect"",""x"":604,""y"":127,""width"":48,""height"":56}","{""name"":""not_defined"",""type"":""unknown"",""image_quality"":{""good"":true,""frontal"":true,""good_illumination"":true}}"
Slika22.jpg,103178,"{""caption"":"""",""public_domain"":""no"",""image_url"":""""}",11,0,"{""name"":""rect"",""x"":112,""y"":56,""width"":38,""height"":40}","{""name"":""not_defined"",""type"":""unknown"",""image_quality"":{""good"":true,""frontal"":true,""good_illumination"":true}}"
Slika22.jpg,103178,"{""caption"":"""",""public_domain"":""no"",""image_url"":""""}",11,1,"{""name"":""rect"",""x"":200,""y"":59,""width"":36,""height"":41}","{""name"":""not_defined"",""type"":""unknown"",""image_quality"":{""good"":true,""frontal"":true,""good_illumination"":true}}"
Slika22.jpg,103178,"{""caption"":"""",""public_domain"":""no"",""image_url"":""""}",11,2,"{""name"":""rect"",""x"":275,""y"":47,""width"":33,""height"":41}","{""name"":""not_defined"",""type"":""unknown"",""image_quality"":{""good"":true,""frontal"":true,""good_illumination"":true}}"
Slika22.jpg,103178,"{""caption"":"""",""public_domain"":""no"",""image_url"":""""}",11,3,"{""name"":""rect"",""x"":362,""y"":59,""width"":31,""height"":39}","{""name"":""not_defined"",""type"":""unknown"",""image_quality"":{""good"":true,""frontal"":true,""good_illumination"":true}}"
Slika22.jpg,103178,"{""caption"":"""",""public_domain"":""no"",""image_url"":""""}",11,4,"{""name"":""rect"",""x"":431,""y"":53,""width"":35,""height"":39}","{""name"":""not_defined"",""type"":""unknown"",""image_quality"":{""good"":true,""frontal"":true,""good_illumination"":true}}"
Slika22.jpg,103178,"{""caption"":"""",""public_domain"":""no"",""image_url"":""""}",11,5,"{""name"":""rect"",""x"":497,""y"":40,""width"":35,""height"":42}","{""name"":""not_defined"",""type"":""unknown"",""image_quality"":{""good"":true,""frontal"":true,""good_illumination"":true}}"
Slika22.jpg,103178,"{""caption"":"""",""public_domain"":""no"",""image_url"":""""}",11,6,"{""name"":""rect"",""x"":90,""y"":101,""width"":35,""height"":43}","{""name"":""not_defined"",""type"":""unknown"",""image_quality"":{""good"":true,""frontal"":true,""good_illumination"":true}}"
Slika22.jpg,103178,"{""caption"":"""",""public_domain"":""no"",""image_url"":""""}",11,7,"{""name"":""rect"",""x"":180,""y"":112,""width"":36,""height"":45}","{""name"":""not_defined"",""type"":""unknown"",""image_quality"":{""good"":true,""frontal"":true,""good_illumination"":true}}"
Slika22.jpg,103178,"{""caption"":"""",""public_domain"":""no"",""image_url"":""""}",11,8,"{""name"":""rect"",""x"":277,""y"":119,""width"":33,""height"":45}","{""name"":""not_defined"",""type"":""unknown"",""image_quality"":{""good"":true,""frontal"":true,""good_illumination"":true}}"
Slika22.jpg,103178,"{""caption"":"""",""public_domain"":""no"",""image_url"":""""}",11,9,"{""name"":""rect"",""x"":373,""y"":139,""width"":35,""height"":44}","{""name"":""not_defined"",""type"":""unknown"",""image_quality"":{""good"":true,""frontal"":true,""good_illumination"":true}}"
Slika22.jpg,103178,"{""caption"":"""",""public_domain"":""no"",""image_url"":""""}",11,10,"{""name"":""rect"",""x"":465,""y"":132,""width"":38,""height"":48}","{""name"":""not_defined"",""type"":""unknown"",""image_quality"":{""good"":true,""frontal"":true,""good_illumination"":true}}"
Slika25.jpg,24359,"{""caption"":"""",""public_domain"":""no"",""image_url"":""""}",0,0,"{}","{}"
Slika26.jpg,64609,"{""caption"":"""",""public_domain"":""no"",""image_url"":""""}",0,0,"{}","{}"
Slika27.jpg,267438,"{""caption"":"""",""public_domain"":""no"",""image_url"":""""}",0,0,"{}","{}"
Slika28.jpg,2208735,"{""caption"":"""",""public_domain"":""no"",""image_url"":""""}",0,0,"{}","{}"
Slika29.jpg,45849,"{""caption"":"""",""public_domain"":""no"",""image_url"":""""}",0,0,"{}","{}"
Slika30.jpg,31017,"{""caption"":"""",""public_domain"":""no"",""image_url"":""""}",0,0,"{}","{}"
Slika31.jpg,134126,"{""caption"":"""",""public_domain"":""no"",""image_url"":""""}",0,0,"{}","{}"
Slika32.jpg,63821,"{""caption"":"""",""public_domain"":""no"",""image_url"":""""}",0,0,"{}","{}"
Slika33.jpg,205811,"{""caption"":"""",""public_domain"":""no"",""image_url"":""""}",0,0,"{}","{}"
Slika34.jpg,162530,"{""caption"":"""",""public_domain"":""no"",""image_url"":""""}",0,0,"{}","{}"
Slika35.jpg,119533,"{""caption"":"""",""public_domain"":""no"",""image_url"":""""}",0,0,"{}","{}"
Slika36.jpg,74674,"{""caption"":"""",""public_domain"":""no"",""image_url"":""""}",0,0,"{}","{}"
Slika37.jpeg,466008,"{""caption"":"""",""public_domain"":""no"",""image_url"":""""}",0,0,"{}","{}"
Slika38.jpg,305212,"{""caption"":"""",""public_domain"":""no"",""image_url"":""""}",0,0,"{}","{}"
Slika39.jpg,53253,"{""caption"":"""",""public_domain"":""no"",""image_url"":""""}",0,0,"{}","{}"
Slika40.jpg,75361,"{""caption"":"""",""public_domain"":""no"",""image_url"":""""}",0,0,"{}","{}"
Slika41.jpg,212513,"{""caption"":"""",""public_domain"":""no"",""image_url"":""""}",0,0,"{}","{}"
Slika42.jpg,91356,"{""caption"":"""",""public_domain"":""no"",""image_url"":""""}",0,0,"{}","{}"
Slika43.jpg,406560,"{""caption"":"""",""public_domain"":""no"",""image_url"":""""}",0,0,"{}","{}"
Slika44.jpg,215391,"{""caption"":"""",""public_domain"":""no"",""image_url"":""""}",0,0,"{}","{}"
Slika23.png,161303,"{""caption"":"""",""public_domain"":""no"",""image_url"":""""}",1,0,"{""name"":""rect"",""x"":94,""y"":137,""width"":216,""height"":288}","{""name"":""not_defined"",""type"":""unknown"",""image_quality"":{""good"":true,""frontal"":true,""good_illumination"":true}}"
Slika24.png,754684,"{""caption"":"""",""public_domain"":""no"",""image_url"":""""}",2,0,"{""name"":""rect"",""x"":161,""y"":148,""width"":140,""height"":178}","{""name"":""not_defined"",""type"":""unknown"",""image_quality"":{""good"":true,""frontal"":true,""good_illumination"":true}}"
Slika24.png,754684,"{""caption"":"""",""public_domain"":""no"",""image_url"":""""}",2,1,"{""name"":""rect"",""x"":491,""y"":181,""width"":130,""height"":171}","{""name"":""not_defined"",""type"":""unknown"",""image_quality"":{""good"":true,""frontal"":true,""good_illumination"":true}}"
Slika19.jpg,28454,"{""caption"":"""",""public_domain"":""no"",""image_url"":""""}",1,0,"{""name"":""rect"",""x"":195,""y"":92,""width"":295,""height"":360}","{""name"":""not_defined"",""type"":""unknown"",""image_quality"":{""good"":true,""frontal"":true,""good_illumination"":true}}"